{"tokens": ["Md", "Fq", "Lw", "Qw", "Yw", "Yd", "La", "Nd", "Ep", "Qv", "Gr", "Dd", "Rt", "Vd", "Yi", "Td", "Ls", "Kd", "Kq", "Fa", "Dd", "Pp", "Mv", "Gr", "Qd", "Qg", "Tt", "Ch", "Sh", "Ap", "Hd", "Pd", "Ad", "Rd", "Fd", "Sd", "Pp", "Dp", "Dp", "Kp", "Yc", "Sp", "Rv", "Hv", "Rv", "Iv", "Tv", "Iv", "Kc", "Kv", "Rv", "Fv", "Kl", "Vn", "Ld", "Mp", "Tv", "Qs", "Qd", "Pd", "Rp", "Pd", "Vd", "Ld"], "shap_values": [0.01818396244198084, 0.0799655755981803, 0.09479108359664679, 0.06232605502009392, 0.05509282276034355, 0.06017332896590233, 0.059272732585668564, 0.026935990899801254, 0.03847905620932579, 0.023570654913783073, 0.019391169771552086, 0.010884992778301239, 0.01922094076871872, 0.01169419102370739, 0.0013439115136861801, 0.08600205928087234, 0.08553292602300644, 0.06545626744627953, 0.061411019414663315, 0.020368235185742378, 0.03628418780863285, 0.004071639850735664, 0.004071639850735664, 0.08608806040138006, 0.08575212117284536, 0.06990537699311972, 0.07510145660489798, -0.010908330790698528, -0.010908330790698528, 0.022820384241640568, 0.01567260269075632, 0.0461601372808218, 0.0461601372808218, 0.04849451966583729, 0.045932793989777565, 0.03159101027995348, 0.03159101027995348, 0.03751379903405905, 0.037413245998322964, 0.10910420771688223, 0.12873539235442877, 0.06123762298375368, 0.06123762298375368, 0.0917073329910636, 0.11468949820846319, 0.060549729503691196, 0.060549729503691196, 0.05131280701607466, 0.06788407173007727, 0.06533811707049608, 0.0658166678622365, 0.06093825399875641, 0.07023677602410316, 0.07544422149658203, 0.06419342011213303, 0.033403583243489264, 0.026383765414357184, 0.03755333125591278, 0.03696552887558937, 0.04369361984233062, 0.04369361984233062, 0.037139809752504034, 0.037139809752504034, 0.032952846089998884], "base_value": 0.49644219875335693, "predicted_value": 3.637248022419711}